# ZEC/USD daily close, 2016-10-29 .. 2020-12-07 (the span before Coinbase's ZEC-USD
# candle floor of 2020-12-08). Format: YYYY-MM-DD,usd  one per line, '#' comments skipped.
#
# Frozen historical data: these closes don't change, so bundling them keeps the deep tail
# of the ALL span working with zero network calls and no provider redistribution concerns.
# Points from this file are marked low Confidence (single-source) per docs/adr/0008. Being
# frozen historical data, it never needs refreshing.
#
# Source: Bitfinex tZECUSD daily candles (close), keyless public API, which lists ZEC/USD
# back to ZEC's launch day. The launch-week values (2016-10-29..2016-11) are ZEC's real
# near-zero-supply launch spike, not errors. Spot-checked against Yahoo Finance ZEC-USD
# (which only reaches 2017-11); the two agree within ~1-2% outside the Dec-2017/Jan-2018
# volatility peak, where exchanges genuinely diverged.
2016-10-29,3591.30
2016-10-30,558.00
2016-10-31,1658.70
2016-11-01,1350.00
2016-11-02,943.10
2016-11-03,993.40
2016-11-04,620.00
2016-11-05,502.50
2016-11-06,333.00
2016-11-07,241.11
2016-11-08,281.00
2016-11-09,349.90
2016-11-10,221.60
2016-11-11,191.11
2016-11-12,147.00
2016-11-13,117.10
2016-11-14,106.50
2016-11-15,108.12
2016-11-16,95.46
2016-11-17,85.34
2016-11-18,68.71
2016-11-19,63.60
2016-11-20,60.45
2016-11-21,53.30
2016-11-22,56.50
2016-11-23,77.40
2016-11-24,95.00
2016-11-25,90.00
2016-11-26,77.86
2016-11-27,69.00
2016-11-28,72.13
2016-11-29,67.39
2016-11-30,67.00
2016-12-01,62.06
2016-12-02,59.06
2016-12-03,58.87
2016-12-04,57.34
2016-12-05,53.76
2016-12-06,47.78
2016-12-07,55.00
2016-12-08,52.84
2016-12-09,49.43
2016-12-10,48.29
2016-12-11,47.91
2016-12-12,48.44
2016-12-13,46.11
2016-12-14,43.48
2016-12-15,39.55
2016-12-16,39.92
2016-12-17,35.61
2016-12-18,36.35
2016-12-19,34.00
2016-12-20,35.61
2016-12-21,35.96
2016-12-22,46.88
2016-12-23,51.14
2016-12-24,47.02
2016-12-25,45.38
2016-12-26,42.57
2016-12-27,43.40
2016-12-28,47.93
2016-12-29,50.40
2016-12-30,50.03
2016-12-31,47.68
2017-01-01,48.06
2017-01-02,49.10
2017-01-03,49.16
2017-01-04,55.00
2017-01-05,47.85
2017-01-06,46.60
2017-01-07,46.55
2017-01-08,46.20
2017-01-09,46.01
2017-01-10,45.35
2017-01-11,40.33
2017-01-12,43.39
2017-01-13,43.95
2017-01-14,43.23
2017-01-15,44.62
2017-01-16,43.81
2017-01-17,44.11
2017-01-18,43.30
2017-01-19,44.09
2017-01-20,43.20
2017-01-21,43.42
2017-01-22,43.50
2017-01-23,43.10
2017-01-24,40.89
2017-01-25,39.53
2017-01-26,38.16
2017-01-27,38.19
2017-01-28,38.05
2017-01-29,38.23
2017-01-30,39.62
2017-01-31,39.30
2017-02-01,39.50
2017-02-02,39.00
2017-02-03,38.21
2017-02-04,38.64
2017-02-05,37.26
2017-02-06,36.73
2017-02-07,36.30
2017-02-08,35.00
2017-02-09,32.78
2017-02-10,32.44
2017-02-11,32.70
2017-02-12,31.50
2017-02-13,30.40
2017-02-14,32.88
2017-02-15,33.90
2017-02-16,32.75
2017-02-17,32.05
2017-02-18,30.76
2017-02-19,30.51
2017-02-20,31.33
2017-02-21,30.01
2017-02-22,27.11
2017-02-23,30.27
2017-02-24,30.02
2017-02-25,29.00
2017-02-26,29.54
2017-02-27,36.60
2017-02-28,37.25
2017-03-01,41.53
2017-03-02,39.98
2017-03-03,42.00
2017-03-04,41.80
2017-03-05,39.54
2017-03-06,40.14
2017-03-07,38.00
2017-03-08,35.36
2017-03-09,37.03
2017-03-10,34.90
2017-03-11,39.50
2017-03-12,40.02
2017-03-13,47.87
2017-03-14,44.80
2017-03-15,45.71
2017-03-16,48.30
2017-03-17,47.10
2017-03-18,64.00
2017-03-19,68.00
2017-03-20,70.68
2017-03-21,65.55
2017-03-22,68.00
2017-03-23,65.90
2017-03-24,64.97
2017-03-25,63.08
2017-03-26,59.17
2017-03-27,53.22
2017-03-28,64.94
2017-03-29,63.22
2017-03-30,61.91
2017-03-31,62.51
2017-04-01,61.67
2017-04-02,61.00
2017-04-03,59.60
2017-04-04,58.36
2017-04-05,59.50
2017-04-06,58.50
2017-04-07,60.45
2017-04-08,63.95
2017-04-09,64.00
2017-04-10,65.50
2017-04-11,63.06
2017-04-12,63.71
2017-04-13,65.75
2017-04-14,73.10
2017-04-15,74.11
2017-04-16,72.91
2017-04-17,72.10
2017-04-18,74.63
2017-04-19,73.98
2017-04-20,70.97
2017-04-21,73.30
2017-04-22,74.46
2017-04-23,73.60
2017-04-24,73.41
2017-04-25,74.90
2017-04-26,78.38
2017-04-27,84.00
2017-04-28,91.26
2017-04-29,103.87
2017-04-30,101.37
2017-05-01,97.00
2017-05-02,98.25
2017-05-03,98.26
2017-05-04,103.53
2017-05-05,103.60
2017-05-06,109.75
2017-05-07,105.32
2017-05-08,106.08
2017-05-09,95.04
2017-05-10,96.77
2017-05-11,95.38
2017-05-12,99.12
2017-05-13,98.61
2017-05-14,98.13
2017-05-15,94.61
2017-05-16,91.19
2017-05-17,94.97
2017-05-18,97.50
2017-05-19,105.14
2017-05-20,106.62
2017-05-21,117.68
2017-05-22,199.74
2017-05-23,237.86
2017-05-24,228.90
2017-05-25,219.54
2017-05-26,189.98
2017-05-27,176.89
2017-05-28,185.30
2017-05-29,196.50
2017-05-30,225.92
2017-05-31,220.72
2017-06-01,238.91
2017-06-02,232.37
2017-06-03,219.90
2017-06-04,234.02
2017-06-05,241.14
2017-06-06,255.00
2017-06-07,260.00
2017-06-08,269.84
2017-06-09,279.90
2017-06-10,319.00
2017-06-11,327.44
2017-06-12,299.00
2017-06-13,362.28
2017-06-14,372.00
2017-06-15,380.00
2017-06-16,375.05
2017-06-17,392.53
2017-06-18,372.06
2017-06-19,400.20
2017-06-20,409.09
2017-06-21,384.35
2017-06-22,379.19
2017-06-23,375.82
2017-06-24,345.57
2017-06-25,315.91
2017-06-26,295.09
2017-06-27,321.06
2017-06-28,335.38
2017-06-29,311.89
2017-06-30,292.31
2017-07-01,273.40
2017-07-02,290.49
2017-07-03,287.38
2017-07-04,278.89
2017-07-05,280.85
2017-07-06,284.81
2017-07-07,248.43
2017-07-08,253.00
2017-07-09,240.88
2017-07-10,192.58
2017-07-11,178.00
2017-07-12,212.95
2017-07-13,192.66
2017-07-14,177.32
2017-07-15,161.59
2017-07-16,167.01
2017-07-17,180.04
2017-07-18,200.26
2017-07-19,181.00
2017-07-20,210.96
2017-07-21,201.85
2017-07-22,218.32
2017-07-23,212.00
2017-07-24,212.18
2017-07-25,186.20
2017-07-26,189.84
2017-07-27,185.85
2017-07-28,177.86
2017-07-29,186.63
2017-07-30,174.42
2017-07-31,172.69
2017-08-01,191.00
2017-08-02,188.07
2017-08-03,189.02
2017-08-04,186.90
2017-08-05,203.65
2017-08-06,207.41
2017-08-07,208.63
2017-08-08,245.41
2017-08-09,241.39
2017-08-10,231.00
2017-08-11,235.50
2017-08-12,222.93
2017-08-13,214.19
2017-08-14,210.95
2017-08-15,212.57
2017-08-16,217.06
2017-08-17,208.01
2017-08-18,199.76
2017-08-19,232.09
2017-08-20,240.08
2017-08-21,238.99
2017-08-22,226.36
2017-08-23,227.00
2017-08-24,228.35
2017-08-25,238.40
2017-08-26,300.98
2017-08-27,273.34
2017-08-28,275.78
2017-08-29,269.66
2017-08-30,274.63
2017-08-31,285.80
2017-09-01,307.00
2017-09-02,252.17
2017-09-03,263.00
2017-09-04,219.81
2017-09-05,228.48
2017-09-06,247.80
2017-09-07,247.56
2017-09-08,221.10
2017-09-09,219.70
2017-09-10,216.52
2017-09-11,213.81
2017-09-12,208.94
2017-09-13,198.19
2017-09-14,161.37
2017-09-15,187.00
2017-09-16,179.86
2017-09-17,177.00
2017-09-18,195.19
2017-09-19,188.50
2017-09-20,187.86
2017-09-21,175.48
2017-09-22,195.46
2017-09-23,204.98
2017-09-24,205.44
2017-09-25,231.64
2017-09-26,231.60
2017-09-27,287.38
2017-09-28,310.47
2017-09-29,289.95
2017-09-30,277.74
2017-10-01,265.79
2017-10-02,256.98
2017-10-03,252.23
2017-10-04,236.91
2017-10-05,256.52
2017-10-06,257.75
2017-10-07,253.57
2017-10-08,242.15
2017-10-09,229.99
2017-10-10,234.71
2017-10-11,236.05
2017-10-12,227.18
2017-10-13,239.60
2017-10-14,241.42
2017-10-15,232.11
2017-10-16,233.84
2017-10-17,231.16
2017-10-18,227.26
2017-10-19,230.50
2017-10-20,221.83
2017-10-21,211.08
2017-10-22,213.18
2017-10-23,204.72
2017-10-24,214.99
2017-10-25,215.76
2017-10-26,233.30
2017-10-27,243.55
2017-10-28,230.36
2017-10-29,233.27
2017-10-30,239.29
2017-10-31,233.00
2017-11-01,222.01
2017-11-02,217.14
2017-11-03,232.19
2017-11-04,230.24
2017-11-05,224.61
2017-11-06,227.00
2017-11-07,238.02
2017-11-08,251.11
2017-11-09,261.37
2017-11-10,235.91
2017-11-11,252.20
2017-11-12,282.08
2017-11-13,264.33
2017-11-14,269.30
2017-11-15,288.00
2017-11-16,294.33
2017-11-17,291.06
2017-11-18,298.55
2017-11-19,300.26
2017-11-20,303.92
2017-11-21,289.56
2017-11-22,319.26
2017-11-23,307.16
2017-11-24,351.90
2017-11-25,343.79
2017-11-26,337.31
2017-11-27,344.42
2017-11-28,362.50
2017-11-29,303.73
2017-11-30,301.37
2017-12-01,333.58
2017-12-02,325.51
2017-12-03,319.18
2017-12-04,327.82
2017-12-05,321.56
2017-12-06,315.24
2017-12-07,291.84
2017-12-08,317.18
2017-12-09,308.56
2017-12-10,285.45
2017-12-11,317.14
2017-12-12,366.05
2017-12-13,413.51
2017-12-14,506.96
2017-12-15,464.66
2017-12-16,464.66
2017-12-17,527.01
2017-12-18,585.00
2017-12-19,591.02
2017-12-20,663.92
2017-12-21,650.00
2017-12-22,478.49
2017-12-23,521.47
2017-12-24,518.03
2017-12-25,515.23
2017-12-26,545.87
2017-12-27,515.90
2017-12-28,474.99
2017-12-29,517.79
2017-12-30,442.68
2017-12-31,477.68
2018-01-01,513.51
2018-01-02,547.88
2018-01-03,559.70
2018-01-04,545.11
2018-01-05,541.98
2018-01-06,654.77
2018-01-07,755.00
2018-01-08,686.81
2018-01-09,663.91
2018-01-10,711.00
2018-01-11,642.77
2018-01-12,695.11
2018-01-13,695.57
2018-01-14,661.71
2018-01-15,620.01
2018-01-16,501.48
2018-01-17,491.99
2018-01-18,478.21
2018-01-19,522.64
2018-01-20,558.00
2018-01-21,486.58
2018-01-22,441.68
2018-01-23,439.66
2018-01-24,456.58
2018-01-25,472.50
2018-01-26,456.00
2018-01-27,453.12
2018-01-28,475.43
2018-01-29,447.98
2018-01-30,383.77
2018-01-31,400.00
2018-02-01,402.48
2018-02-02,386.09
2018-02-03,388.21
2018-02-04,340.00
2018-02-05,303.30
2018-02-06,366.85
2018-02-07,352.36
2018-02-08,437.20
2018-02-09,472.43
2018-02-10,480.46
2018-02-11,432.50
2018-02-12,459.79
2018-02-13,442.19
2018-02-14,480.62
2018-02-15,480.45
2018-02-16,474.43
2018-02-17,488.95
2018-02-18,445.58
2018-02-19,471.12
2018-02-20,431.36
2018-02-21,424.23
2018-02-22,392.50
2018-02-23,412.99
2018-02-24,389.07
2018-02-25,388.96
2018-02-26,401.52
2018-02-27,406.21
2018-02-28,380.18
2018-03-01,398.46
2018-03-02,385.15
2018-03-03,384.85
2018-03-04,408.91
2018-03-05,390.34
2018-03-06,383.99
2018-03-07,345.10
2018-03-08,313.88
2018-03-09,308.57
2018-03-10,283.94
2018-03-11,306.82
2018-03-12,287.42
2018-03-13,282.50
2018-03-14,247.66
2018-03-15,242.08
2018-03-16,234.44
2018-03-17,217.80
2018-03-18,243.07
2018-03-19,254.37
2018-03-20,258.85
2018-03-21,259.19
2018-03-22,248.90
2018-03-23,258.36
2018-03-24,240.41
2018-03-25,237.71
2018-03-26,224.73
2018-03-27,215.11
2018-03-28,210.00
2018-03-29,186.00
2018-03-30,189.25
2018-03-31,184.42
2018-04-01,181.76
2018-04-02,192.24
2018-04-03,204.91
2018-04-04,181.99
2018-04-05,182.43
2018-04-06,174.22
2018-04-07,180.79
2018-04-08,183.64
2018-04-09,177.33
2018-04-10,179.76
2018-04-11,184.53
2018-04-12,216.88
2018-04-13,228.72
2018-04-14,222.28
2018-04-15,232.75
2018-04-16,224.88
2018-04-17,221.21
2018-04-18,247.36
2018-04-19,264.01
2018-04-20,282.83
2018-04-21,270.12
2018-04-22,270.94
2018-04-23,299.90
2018-04-24,316.19
2018-04-25,284.17
2018-04-26,302.29
2018-04-27,281.01
2018-04-28,297.24
2018-04-29,293.31
2018-04-30,283.60
2018-05-01,291.61
2018-05-02,294.58
2018-05-03,308.83
2018-05-04,296.00
2018-05-05,307.08
2018-05-06,291.71
2018-05-07,280.98
2018-05-08,274.52
2018-05-09,276.40
2018-05-10,261.83
2018-05-11,237.75
2018-05-12,245.13
2018-05-13,259.06
2018-05-14,310.65
2018-05-15,352.58
2018-05-16,366.10
2018-05-17,313.74
2018-05-18,359.00
2018-05-19,343.43
2018-05-20,350.55
2018-05-21,326.71
2018-05-22,311.10
2018-05-23,284.28
2018-05-24,294.89
2018-05-25,280.99
2018-05-26,270.31
2018-05-27,261.53
2018-05-28,227.64
2018-05-29,245.81
2018-05-30,240.69
2018-05-31,239.40
2018-06-01,239.57
2018-06-02,249.79
2018-06-03,252.87
2018-06-04,235.44
2018-06-05,238.32
2018-06-06,235.38
2018-06-07,237.30
2018-06-08,235.80
2018-06-09,229.59
2018-06-10,198.86
2018-06-11,204.75
2018-06-12,192.86
2018-06-13,182.46
2018-06-14,197.78
2018-06-15,192.78
2018-06-16,190.02
2018-06-17,185.67
2018-06-18,196.98
2018-06-19,198.40
2018-06-20,194.26
2018-06-21,190.17
2018-06-22,167.71
2018-06-23,169.68
2018-06-24,165.93
2018-06-25,175.99
2018-06-26,160.72
2018-06-27,168.01
2018-06-28,153.84
2018-06-29,162.71
2018-06-30,170.65
2018-07-01,170.11
2018-07-02,183.98
2018-07-03,178.71
2018-07-04,181.60
2018-07-05,174.58
2018-07-06,174.96
2018-07-07,175.00
2018-07-08,173.16
2018-07-09,166.95
2018-07-10,159.05
2018-07-11,157.89
2018-07-12,154.41
2018-07-13,175.90
2018-07-14,173.20
2018-07-15,173.95
2018-07-16,188.69
2018-07-17,210.10
2018-07-18,209.12
2018-07-19,200.69
2018-07-20,183.08
2018-07-21,188.06
2018-07-22,189.78
2018-07-23,190.07
2018-07-24,224.20
2018-07-25,222.69
2018-07-26,221.82
2018-07-27,221.20
2018-07-28,223.22
2018-07-29,217.60
2018-07-30,214.25
2018-07-31,209.60
2018-08-01,197.29
2018-08-02,186.16
2018-08-03,186.66
2018-08-04,173.98
2018-08-05,179.79
2018-08-06,180.78
2018-08-07,175.99
2018-08-08,160.90
2018-08-09,174.55
2018-08-10,160.20
2018-08-11,155.37
2018-08-12,156.80
2018-08-13,142.50
2018-08-14,132.99
2018-08-15,135.00
2018-08-16,140.25
2018-08-17,151.99
2018-08-18,141.88
2018-08-19,141.51
2018-08-20,129.36
2018-08-21,134.52
2018-08-22,127.53
2018-08-23,132.57
2018-08-24,141.10
2018-08-25,138.63
2018-08-26,134.58
2018-08-27,151.53
2018-08-28,154.10
2018-08-29,152.87
2018-08-30,151.67
2018-08-31,149.63
2018-09-01,158.06
2018-09-02,155.95
2018-09-03,156.65
2018-09-04,156.07
2018-09-05,130.92
2018-09-06,131.27
2018-09-07,125.03
2018-09-08,120.25
2018-09-09,119.57
2018-09-10,118.91
2018-09-11,111.47
2018-09-12,111.55
2018-09-13,118.11
2018-09-14,118.57
2018-09-15,120.29
2018-09-16,119.13
2018-09-17,107.75
2018-09-18,111.71
2018-09-19,113.08
2018-09-20,120.02
2018-09-21,126.42
2018-09-22,124.05
2018-09-23,130.52
2018-09-24,137.72
2018-09-25,135.72
2018-09-26,132.77
2018-09-27,143.30
2018-09-28,135.26
2018-09-29,133.45
2018-09-30,129.92
2018-10-01,126.54
2018-10-02,126.09
2018-10-03,122.20
2018-10-04,123.56
2018-10-05,127.80
2018-10-06,124.88
2018-10-07,125.12
2018-10-08,126.84
2018-10-09,125.91
2018-10-10,124.99
2018-10-11,109.17
2018-10-12,110.41
2018-10-13,111.81
2018-10-14,110.00
2018-10-15,114.66
2018-10-16,117.58
2018-10-17,122.00
2018-10-18,120.27
2018-10-19,121.84
2018-10-20,127.12
2018-10-21,126.44
2018-10-22,123.97
2018-10-23,122.04
2018-10-24,126.21
2018-10-25,126.00
2018-10-26,121.93
2018-10-27,119.84
2018-10-28,123.83
2018-10-29,116.94
2018-10-30,115.73
2018-10-31,116.44
2018-11-01,117.22
2018-11-02,119.10
2018-11-03,117.51
2018-11-04,123.00
2018-11-05,123.10
2018-11-06,132.06
2018-11-07,130.18
2018-11-08,137.47
2018-11-09,134.92
2018-11-10,130.44
2018-11-11,130.51
2018-11-12,135.77
2018-11-13,129.08
2018-11-14,113.71
2018-11-15,112.75
2018-11-16,109.79
2018-11-17,112.45
2018-11-18,114.48
2018-11-19,99.95
2018-11-20,87.00
2018-11-21,86.43
2018-11-22,78.17
2018-11-23,78.78
2018-11-24,68.05
2018-11-25,71.44
2018-11-26,67.42
2018-11-27,73.95
2018-11-28,80.48
2018-11-29,88.62
2018-11-30,81.47
2018-12-01,80.90
2018-12-02,79.93
2018-12-03,71.08
2018-12-04,74.85
2018-12-05,66.38
2018-12-06,58.59
2018-12-07,60.41
2018-12-08,57.71
2018-12-09,61.18
2018-12-10,56.95
2018-12-11,54.40
2018-12-12,56.13
2018-12-13,52.11
2018-12-14,49.74
2018-12-15,50.56
2018-12-16,51.88
2018-12-17,57.79
2018-12-18,60.00
2018-12-19,58.06
2018-12-20,67.26
2018-12-21,62.80
2018-12-22,65.14
2018-12-23,66.47
2018-12-24,69.40
2018-12-25,62.83
2018-12-26,62.08
2018-12-27,56.94
2018-12-28,64.41
2018-12-29,61.13
2018-12-30,61.28
2018-12-31,57.43
2019-01-01,61.37
2019-01-02,62.68
2019-01-03,60.01
2019-01-04,60.11
2019-01-05,58.73
2019-01-06,62.99
2019-01-07,61.87
2019-01-08,61.35
2019-01-09,61.30
2019-01-10,55.41
2019-01-11,56.76
2019-01-12,56.37
2019-01-13,53.56
2019-01-14,56.94
2019-01-15,54.22
2019-01-16,53.53
2019-01-17,54.99
2019-01-18,53.69
2019-01-19,54.76
2019-01-20,52.80
2019-01-21,52.46
2019-01-22,53.19
2019-01-23,52.94
2019-01-24,54.38
2019-01-25,53.15
2019-01-26,52.82
2019-01-27,51.63
2019-01-28,49.78
2019-01-29,49.25
2019-01-30,50.48
2019-01-31,49.67
2019-02-01,49.47
2019-02-02,49.88
2019-02-03,48.79
2019-02-04,48.89
2019-02-05,48.95
2019-02-06,47.05
2019-02-07,47.15
2019-02-08,50.71
2019-02-09,50.69
2019-02-10,51.14
2019-02-11,51.90
2019-02-12,54.52
2019-02-13,53.41
2019-02-14,52.17
2019-02-15,51.41
2019-02-16,52.23
2019-02-17,52.92
2019-02-18,55.70
2019-02-19,55.25
2019-02-20,55.76
2019-02-21,54.10
2019-02-22,54.60
2019-02-23,57.71
2019-02-24,52.23
2019-02-25,53.30
2019-02-26,53.05
2019-02-27,53.08
2019-02-28,52.19
2019-03-01,53.17
2019-03-02,52.37
2019-03-03,51.15
2019-03-04,49.19
2019-03-05,51.45
2019-03-06,51.19
2019-03-07,51.10
2019-03-08,50.14
2019-03-09,52.32
2019-03-10,51.22
2019-03-11,50.31
2019-03-12,54.07
2019-03-13,52.07
2019-03-14,52.90
2019-03-15,54.19
2019-03-16,55.36
2019-03-17,54.74
2019-03-18,55.01
2019-03-19,57.80
2019-03-20,59.85
2019-03-21,56.18
2019-03-22,56.06
2019-03-23,57.58
2019-03-24,57.93
2019-03-25,55.78
2019-03-26,54.98
2019-03-27,57.84
2019-03-28,57.26
2019-03-29,58.23
2019-03-30,57.81
2019-03-31,59.67
2019-04-01,63.33
2019-04-02,70.41
2019-04-03,68.75
2019-04-04,67.35
2019-04-05,73.07
2019-04-06,71.80
2019-04-07,75.19
2019-04-08,73.40
2019-04-09,71.20
2019-04-10,71.92
2019-04-11,70.30
2019-04-12,71.97
2019-04-13,69.84
2019-04-14,70.27
2019-04-15,67.70
2019-04-16,69.78
2019-04-17,71.03
2019-04-18,71.10
2019-04-19,70.23
2019-04-20,70.08
2019-04-21,69.10
2019-04-22,69.52
2019-04-23,67.47
2019-04-24,65.91
2019-04-25,61.55
2019-04-26,63.17
2019-04-27,63.15
2019-04-28,62.46
2019-04-29,60.96
2019-04-30,63.72
2019-05-01,63.88
2019-05-02,62.70
2019-05-03,65.57
2019-05-04,63.69
2019-05-05,62.69
2019-05-06,63.49
2019-05-07,60.45
2019-05-08,60.29
2019-05-09,57.50
2019-05-10,58.09
2019-05-11,63.60
2019-05-12,60.57
2019-05-13,63.32
2019-05-14,67.54
2019-05-15,76.80
2019-05-16,74.82
2019-05-17,74.00
2019-05-18,71.90
2019-05-19,78.01
2019-05-20,76.41
2019-05-21,74.83
2019-05-22,70.09
2019-05-23,71.64
2019-05-24,72.72
2019-05-25,72.36
2019-05-26,76.34
2019-05-27,76.70
2019-05-28,85.27
2019-05-29,85.37
2019-05-30,82.83
2019-05-31,89.79
2019-06-01,86.24
2019-06-02,88.80
2019-06-03,83.32
2019-06-04,77.94
2019-06-05,80.51
2019-06-06,80.13
2019-06-07,83.25
2019-06-08,80.82
2019-06-09,77.53
2019-06-10,80.35
2019-06-11,79.79
2019-06-12,91.66
2019-06-13,87.57
2019-06-14,91.18
2019-06-15,92.52
2019-06-16,93.97
2019-06-17,102.17
2019-06-18,112.00
2019-06-19,111.06
2019-06-20,109.94
2019-06-21,110.56
2019-06-22,113.35
2019-06-23,110.07
2019-06-24,109.10
2019-06-25,104.61
2019-06-26,112.06
2019-06-27,105.84
2019-06-28,112.01
2019-06-29,114.10
2019-06-30,103.21
2019-07-01,104.16
2019-07-02,101.96
2019-07-03,106.23
2019-07-04,101.25
2019-07-05,99.96
2019-07-06,103.84
2019-07-07,107.10
2019-07-08,105.13
2019-07-09,101.11
2019-07-10,97.09
2019-07-11,88.29
2019-07-12,93.00
2019-07-13,89.31
2019-07-14,81.97
2019-07-15,80.14
2019-07-16,67.01
2019-07-17,73.69
2019-07-18,78.61
2019-07-19,75.36
2019-07-20,77.67
2019-07-21,75.25
2019-07-22,72.90
2019-07-23,70.55
2019-07-24,71.04
2019-07-25,69.97
2019-07-26,71.58
2019-07-27,69.06
2019-07-28,68.75
2019-07-29,67.39
2019-07-30,66.76
2019-07-31,68.19
2019-08-01,67.70
2019-08-02,66.73
2019-08-03,65.07
2019-08-04,66.09
2019-08-05,66.81
2019-08-06,62.39
2019-08-07,62.21
2019-08-08,62.68
2019-08-09,58.86
2019-08-10,56.81
2019-08-11,59.96
2019-08-12,56.87
2019-08-13,55.47
2019-08-14,50.69
2019-08-15,50.82
2019-08-16,49.00
2019-08-17,50.19
2019-08-18,52.83
2019-08-19,54.10
2019-08-20,52.08
2019-08-21,50.05
2019-08-22,50.77
2019-08-23,51.13
2019-08-24,50.27
2019-08-25,50.13
2019-08-26,51.50
2019-08-27,50.52
2019-08-28,46.61
2019-08-29,45.11
2019-08-30,44.64
2019-08-31,44.78
2019-09-01,45.44
2019-09-02,46.90
2019-09-03,45.62
2019-09-04,45.00
2019-09-05,44.94
2019-09-06,45.87
2019-09-07,47.08
2019-09-08,48.34
2019-09-09,47.20
2019-09-10,45.05
2019-09-11,44.53
2019-09-12,44.80
2019-09-13,44.85
2019-09-14,46.41
2019-09-15,46.89
2019-09-16,48.81
2019-09-17,50.88
2019-09-18,52.91
2019-09-19,51.47
2019-09-20,48.97
2019-09-21,47.93
2019-09-22,46.27
2019-09-23,44.14
2019-09-24,35.95
2019-09-25,38.09
2019-09-26,35.06
2019-09-27,37.56
2019-09-28,40.50
2019-09-29,37.95
2019-09-30,38.88
2019-10-01,38.36
2019-10-02,38.31
2019-10-03,37.37
2019-10-04,37.12
2019-10-05,37.00
2019-10-06,35.71
2019-10-07,37.59
2019-10-08,36.76
2019-10-09,38.16
2019-10-10,37.68
2019-10-11,36.10
2019-10-12,36.77
2019-10-13,37.15
2019-10-14,37.16
2019-10-15,36.89
2019-10-16,35.86
2019-10-17,36.22
2019-10-18,36.00
2019-10-19,35.93
2019-10-20,36.48
2019-10-21,36.90
2019-10-22,36.02
2019-10-23,32.97
2019-10-24,33.31
2019-10-25,37.24
2019-10-26,36.17
2019-10-27,37.49
2019-10-28,38.01
2019-10-29,39.38
2019-10-30,38.51
2019-10-31,37.83
2019-11-01,38.08
2019-11-02,37.77
2019-11-03,37.27
2019-11-04,38.00
2019-11-05,38.88
2019-11-06,39.04
2019-11-07,38.65
2019-11-08,36.49
2019-11-09,36.79
2019-11-10,37.64
2019-11-11,36.62
2019-11-12,36.84
2019-11-13,36.97
2019-11-14,36.50
2019-11-15,36.37
2019-11-16,36.00
2019-11-17,36.01
2019-11-18,34.80
2019-11-19,34.22
2019-11-20,33.85
2019-11-21,31.45
2019-11-22,29.23
2019-11-23,29.79
2019-11-24,27.50
2019-11-25,27.52
2019-11-26,28.45
2019-11-27,28.58
2019-11-28,28.89
2019-11-29,29.54
2019-11-30,29.19
2019-12-01,28.14
2019-12-02,27.91
2019-12-03,27.43
2019-12-04,26.82
2019-12-05,30.41
2019-12-06,29.38
2019-12-07,29.67
2019-12-08,29.54
2019-12-09,31.16
2019-12-10,30.14
2019-12-11,31.53
2019-12-12,31.99
2019-12-13,33.36
2019-12-14,32.21
2019-12-15,33.06
2019-12-16,29.66
2019-12-17,27.77
2019-12-18,29.38
2019-12-19,28.50
2019-12-20,28.47
2019-12-21,28.48
2019-12-22,29.04
2019-12-23,28.39
2019-12-24,28.11
2019-12-25,27.61
2019-12-26,27.73
2019-12-27,27.77
2019-12-28,28.24
2019-12-29,29.26
2019-12-30,28.48
2019-12-31,27.59
2020-01-01,28.05
2020-01-02,27.16
2020-01-03,28.60
2020-01-04,29.94
2020-01-05,30.74
2020-01-06,32.90
2020-01-07,32.23
2020-01-08,30.85
2020-01-09,30.86
2020-01-10,33.57
2020-01-11,34.81
2020-01-12,35.60
2020-01-13,38.24
2020-01-14,43.76
2020-01-15,54.92
2020-01-16,50.57
2020-01-17,61.22
2020-01-18,51.02
2020-01-19,51.46
2020-01-20,53.69
2020-01-21,53.44
2020-01-22,52.03
2020-01-23,49.22
2020-01-24,48.93
2020-01-25,48.84
2020-01-26,53.59
2020-01-27,55.21
2020-01-28,56.77
2020-01-29,61.93
2020-01-30,66.34
2020-01-31,66.50
2020-02-01,66.33
2020-02-02,66.50
2020-02-03,65.70
2020-02-04,64.34
2020-02-05,70.98
2020-02-06,70.24
2020-02-07,68.46
2020-02-08,69.93
2020-02-09,71.19
2020-02-10,69.97
2020-02-11,72.96
2020-02-12,73.42
2020-02-13,71.82
2020-02-14,72.74
2020-02-15,64.54
2020-02-16,60.15
2020-02-17,64.38
2020-02-18,65.80
2020-02-19,62.15
2020-02-20,60.70
2020-02-21,61.73
2020-02-22,60.95
2020-02-23,63.66
2020-02-24,61.00
2020-02-25,57.14
2020-02-26,51.56
2020-02-27,52.86
2020-02-28,51.14
2020-02-29,49.08
2020-03-01,49.37
2020-03-02,52.51
2020-03-03,51.06
2020-03-04,50.39
2020-03-05,51.91
2020-03-06,53.62
2020-03-07,50.80
2020-03-08,43.21
2020-03-09,42.25
2020-03-10,41.58
2020-03-11,40.40
2020-03-12,26.02
2020-03-13,27.53
2020-03-14,25.09
2020-03-15,25.86
2020-03-16,24.84
2020-03-17,25.23
2020-03-18,29.95
2020-03-19,31.95
2020-03-20,33.11
2020-03-21,33.11
2020-03-22,29.72
2020-03-23,32.12
2020-03-24,32.98
2020-03-25,32.14
2020-03-26,32.45
2020-03-27,31.01
2020-03-28,30.49
2020-03-29,28.57
2020-03-30,30.52
2020-03-31,30.94
2020-04-01,31.40
2020-04-02,32.35
2020-04-03,32.65
2020-04-04,33.16
2020-04-05,32.55
2020-04-06,37.65
2020-04-07,36.49
2020-04-08,37.88
2020-04-09,40.89
2020-04-10,36.68
2020-04-11,36.13
2020-04-12,36.29
2020-04-13,35.87
2020-04-14,35.55
2020-04-15,35.10
2020-04-16,38.82
2020-04-17,40.50
2020-04-18,42.23
2020-04-19,46.45
2020-04-20,41.86
2020-04-21,42.08
2020-04-22,45.52
2020-04-23,44.45
2020-04-24,44.13
2020-04-25,44.75
2020-04-26,44.64
2020-04-27,44.49
2020-04-28,44.64
2020-04-29,47.03
2020-04-30,44.86
2020-05-01,45.86
2020-05-02,46.51
2020-05-03,44.83
2020-05-04,44.03
2020-05-05,44.01
2020-05-06,42.20
2020-05-07,44.48
2020-05-08,46.78
2020-05-09,44.94
2020-05-10,40.85
2020-05-11,39.84
2020-05-12,42.10
2020-05-13,43.12
2020-05-14,43.29
2020-05-15,41.96
2020-05-16,42.51
2020-05-17,46.09
2020-05-18,48.04
2020-05-19,48.85
2020-05-20,48.26
2020-05-21,45.97
2020-05-22,47.70
2020-05-23,46.90
2020-05-24,45.00
2020-05-25,45.96
2020-05-26,44.86
2020-05-27,46.26
2020-05-28,47.82
2020-05-29,46.54
2020-05-30,54.50
2020-05-31,51.76
2020-06-01,54.65
2020-06-02,51.41
2020-06-03,52.91
2020-06-04,52.32
2020-06-05,52.77
2020-06-06,52.72
2020-06-07,52.18
2020-06-08,52.46
2020-06-09,52.07
2020-06-10,55.58
2020-06-11,49.80
2020-06-12,51.46
2020-06-13,52.83
2020-06-14,51.25
2020-06-15,52.33
2020-06-16,52.72
2020-06-17,53.08
2020-06-18,52.13
2020-06-19,51.23
2020-06-20,51.65
2020-06-21,50.42
2020-06-22,53.61
2020-06-23,58.20
2020-06-24,55.22
2020-06-25,56.09
2020-06-26,55.86
2020-06-27,52.25
2020-06-28,51.88
2020-06-29,52.55
2020-06-30,51.53
2020-07-01,51.86
2020-07-02,51.25
2020-07-03,51.28
2020-07-04,51.37
2020-07-05,51.31
2020-07-06,55.58
2020-07-07,55.02
2020-07-08,58.11
2020-07-09,56.92
2020-07-10,56.01
2020-07-11,55.80
2020-07-12,58.40
2020-07-13,61.37
2020-07-14,61.98
2020-07-15,61.30
2020-07-16,59.19
2020-07-17,59.64
2020-07-18,59.20
2020-07-19,58.60
2020-07-20,57.14
2020-07-21,62.51
2020-07-22,64.55
2020-07-23,63.44
2020-07-24,63.04
2020-07-25,65.70
2020-07-26,66.36
2020-07-27,70.66
2020-07-28,70.84
2020-07-29,72.20
2020-07-30,70.68
2020-07-31,74.76
2020-08-01,89.11
2020-08-02,84.45
2020-08-03,82.38
2020-08-04,84.79
2020-08-05,97.50
2020-08-06,96.48
2020-08-07,94.36
2020-08-08,96.48
2020-08-09,92.00
2020-08-10,89.04
2020-08-11,80.98
2020-08-12,81.81
2020-08-13,87.55
2020-08-14,85.21
2020-08-15,85.42
2020-08-16,85.52
2020-08-17,86.98
2020-08-18,83.36
2020-08-19,76.48
2020-08-20,79.02
2020-08-21,73.33
2020-08-22,77.05
2020-08-23,84.31
2020-08-24,80.59
2020-08-25,73.10
2020-08-26,75.22
2020-08-27,72.23
2020-08-28,76.07
2020-08-29,78.91
2020-08-30,81.37
2020-08-31,78.46
2020-09-01,83.40
2020-09-02,75.84
2020-09-03,57.08
2020-09-04,59.93
2020-09-05,56.09
2020-09-06,58.97
2020-09-07,62.04
2020-09-08,58.94
2020-09-09,60.16
2020-09-10,62.07
2020-09-11,63.50
2020-09-12,65.68
2020-09-13,62.48
2020-09-14,62.79
2020-09-15,59.37
2020-09-16,58.43
2020-09-17,59.76
2020-09-18,57.84
2020-09-19,58.06
2020-09-20,57.64
2020-09-21,51.81
2020-09-22,53.30
2020-09-23,51.92
2020-09-24,55.25
2020-09-25,54.94
2020-09-26,56.33
2020-09-27,55.70
2020-09-28,56.13
2020-09-29,61.40
2020-09-30,63.97
2020-10-01,64.69
2020-10-02,63.91
2020-10-03,60.90
2020-10-04,63.34
2020-10-05,65.72
2020-10-06,61.41
2020-10-07,61.58
2020-10-08,61.99
2020-10-09,63.76
2020-10-10,66.71
2020-10-11,72.51
2020-10-12,73.03
2020-10-13,70.18
2020-10-14,68.91
2020-10-15,68.05
2020-10-16,62.56
2020-10-17,63.16
2020-10-18,64.48
2020-10-19,64.22
2020-10-20,57.94
2020-10-21,62.98
2020-10-22,65.72
2020-10-23,63.22
2020-10-24,64.34
2020-10-25,62.77
2020-10-26,60.42
2020-10-27,61.19
2020-10-28,56.83
2020-10-29,56.80
2020-10-30,58.23
2020-10-31,58.20
2020-11-01,58.15
2020-11-02,54.86
2020-11-03,53.18
2020-11-04,54.11
2020-11-05,56.60
2020-11-06,61.51
2020-11-07,57.46
2020-11-08,60.63
2020-11-09,58.40
2020-11-10,59.08
2020-11-11,58.87
2020-11-12,62.79
2020-11-13,65.85
2020-11-14,63.91
2020-11-15,61.16
2020-11-16,64.67
2020-11-17,66.94
2020-11-18,63.27
2020-11-19,62.38
2020-11-20,63.13
2020-11-21,72.42
2020-11-22,68.58
2020-11-23,79.27
2020-11-24,86.82
2020-11-25,78.23
2020-11-26,70.19
2020-11-27,69.79
2020-11-28,75.36
2020-11-29,75.20
2020-11-30,79.02
2020-12-01,74.97
2020-12-02,76.82
2020-12-03,75.87
2020-12-04,69.06
2020-12-05,71.96
2020-12-06,74.67
2020-12-07,75.63
